Año,Country Name,Country Code,Indicator Name,Indicator Code,Valor,Categoría,Crecimiento_Anual,Promedio_Movil_3,Promedio_Movil_5,Cambio_Desde_2000_Abs,Cambio_Desde_2000_Pct,Descripcion_Indicador,Region,Grupo_Ingresos,Fecha_Procesamiento
2000,Colombia,COL,Índice de Gini,SI.POV.GINI,58.4,Pobreza y Desigualdad,-0.17094017094017033,57.9,55.279999999999994,0.0,0.0,"El índice de Gini mide el grado en que la distribución del ingreso (o, en algunos casos, el gasto de consumo) entre individuos u hogares dentro de una economía se desvía de una distribución perfectamente equitativa. Una curva de Lorenz traza los porcentajes acumulados del ingreso total recibido frente al número acumulado de beneficiarios, comenzando con el individuo o el hogar más pobre. El índice de Gini mide el área entre la curva de Lorenz y una línea hipotética de igualdad absoluta, expresada como porcentaje del área máxima bajo la línea. Así, un índice de Gini de 0 representa una igualdad perfecta, mientras que un índice de 100 implica una desigualdad perfecta.",América Latina y el Caribe (excluido altos ingresos),Ingreso mediano alto,2025-04-03
2001,Colombia,COL,Índice de Gini,SI.POV.GINI,57.3,Pobreza y Desigualdad,-1.8835616438356184,58.06666666666666,56.48,-1.1000000000000014,-1.8835616438356184,"El índice de Gini mide el grado en que la distribución del ingreso (o, en algunos casos, el gasto de consumo) entre individuos u hogares dentro de una economía se desvía de una distribución perfectamente equitativa. Una curva de Lorenz traza los porcentajes acumulados del ingreso total recibido frente al número acumulado de beneficiarios, comenzando con el individuo o el hogar más pobre. El índice de Gini mide el área entre la curva de Lorenz y una línea hipotética de igualdad absoluta, expresada como porcentaje del área máxima bajo la línea. Así, un índice de Gini de 0 representa una igualdad perfecta, mientras que un índice de 100 implica una desigualdad perfecta.",América Latina y el Caribe (excluido altos ingresos),Ingreso mediano alto,2025-04-03
2002,Colombia,COL,Índice de Gini,SI.POV.GINI,56.0,Pobreza y Desigualdad,-2.2687609075043635,57.23333333333333,57.4,-2.3999999999999986,-4.109589041095885,"El índice de Gini mide el grado en que la distribución del ingreso (o, en algunos casos, el gasto de consumo) entre individuos u hogares dentro de una economía se desvía de una distribución perfectamente equitativa. Una curva de Lorenz traza los porcentajes acumulados del ingreso total recibido frente al número acumulado de beneficiarios, comenzando con el individuo o el hogar más pobre. El índice de Gini mide el área entre la curva de Lorenz y una línea hipotética de igualdad absoluta, expresada como porcentaje del área máxima bajo la línea. Así, un índice de Gini de 0 representa una igualdad perfecta, mientras que un índice de 100 implica una desigualdad perfecta.",América Latina y el Caribe (excluido altos ingresos),Ingreso mediano alto,2025-04-03
2003,Colombia,COL,Índice de Gini,SI.POV.GINI,53.6,Pobreza y Desigualdad,-4.285714285714281,55.63333333333333,56.760000000000005,-4.799999999999997,-8.21917808219178,"El índice de Gini mide el grado en que la distribución del ingreso (o, en algunos casos, el gasto de consumo) entre individuos u hogares dentro de una economía se desvía de una distribución perfectamente equitativa. Una curva de Lorenz traza los porcentajes acumulados del ingreso total recibido frente al número acumulado de beneficiarios, comenzando con el individuo o el hogar más pobre. El índice de Gini mide el área entre la curva de Lorenz y una línea hipotética de igualdad absoluta, expresada como porcentaje del área máxima bajo la línea. Así, un índice de Gini de 0 representa una igualdad perfecta, mientras que un índice de 100 implica una desigualdad perfecta.",América Latina y el Caribe (excluido altos ingresos),Ingreso mediano alto,2025-04-03
2004,Colombia,COL,Índice de Gini,SI.POV.GINI,55.0,Pobreza y Desigualdad,2.6119402985074647,54.86666666666667,56.06,-3.3999999999999986,-5.82191780821918,"El índice de Gini mide el grado en que la distribución del ingreso (o, en algunos casos, el gasto de consumo) entre individuos u hogares dentro de una economía se desvía de una distribución perfectamente equitativa. Una curva de Lorenz traza los porcentajes acumulados del ingreso total recibido frente al número acumulado de beneficiarios, comenzando con el individuo o el hogar más pobre. El índice de Gini mide el área entre la curva de Lorenz y una línea hipotética de igualdad absoluta, expresada como porcentaje del área máxima bajo la línea. Así, un índice de Gini de 0 representa una igualdad perfecta, mientras que un índice de 100 implica una desigualdad perfecta.",América Latina y el Caribe (excluido altos ingresos),Ingreso mediano alto,2025-04-03
2005,Colombia,COL,Índice de Gini,SI.POV.GINI,53.9,Pobreza y Desigualdad,-2.0000000000000018,54.166666666666664,55.160000000000004,-4.5,-7.705479452054798,"El índice de Gini mide el grado en que la distribución del ingreso (o, en algunos casos, el gasto de consumo) entre individuos u hogares dentro de una economía se desvía de una distribución perfectamente equitativa. Una curva de Lorenz traza los porcentajes acumulados del ingreso total recibido frente al número acumulado de beneficiarios, comenzando con el individuo o el hogar más pobre. El índice de Gini mide el área entre la curva de Lorenz y una línea hipotética de igualdad absoluta, expresada como porcentaje del área máxima bajo la línea. Así, un índice de Gini de 0 representa una igualdad perfecta, mientras que un índice de 100 implica una desigualdad perfecta.",América Latina y el Caribe (excluido altos ingresos),Ingreso mediano alto,2025-04-03
2008,Colombia,COL,Índice de Gini,SI.POV.GINI,55.3,Pobreza y Desigualdad,2.5974025974025983,54.73333333333333,54.760000000000005,-3.1000000000000014,-5.308219178082196,"El índice de Gini mide el grado en que la distribución del ingreso (o, en algunos casos, el gasto de consumo) entre individuos u hogares dentro de una economía se desvía de una distribución perfectamente equitativa. Una curva de Lorenz traza los porcentajes acumulados del ingreso total recibido frente al número acumulado de beneficiarios, comenzando con el individuo o el hogar más pobre. El índice de Gini mide el área entre la curva de Lorenz y una línea hipotética de igualdad absoluta, expresada como porcentaje del área máxima bajo la línea. Así, un índice de Gini de 0 representa una igualdad perfecta, mientras que un índice de 100 implica una desigualdad perfecta.",América Latina y el Caribe (excluido altos ingresos),Ingreso mediano alto,2025-04-03
2009,Colombia,COL,Índice de Gini,SI.POV.GINI,54.3,Pobreza y Desigualdad,-1.8083182640144635,54.5,54.42,-4.100000000000001,-7.02054794520548,"El índice de Gini mide el grado en que la distribución del ingreso (o, en algunos casos, el gasto de consumo) entre individuos u hogares dentro de una economía se desvía de una distribución perfectamente equitativa. Una curva de Lorenz traza los porcentajes acumulados del ingreso total recibido frente al número acumulado de beneficiarios, comenzando con el individuo o el hogar más pobre. El índice de Gini mide el área entre la curva de Lorenz y una línea hipotética de igualdad absoluta, expresada como porcentaje del área máxima bajo la línea. Así, un índice de Gini de 0 representa una igualdad perfecta, mientras que un índice de 100 implica una desigualdad perfecta.",América Latina y el Caribe (excluido altos ingresos),Ingreso mediano alto,2025-04-03
2010,Colombia,COL,Índice de Gini,SI.POV.GINI,54.6,Pobreza y Desigualdad,0.5524861878453136,54.73333333333333,54.620000000000005,-3.799999999999997,-6.506849315068486,"El índice de Gini mide el grado en que la distribución del ingreso (o, en algunos casos, el gasto de consumo) entre individuos u hogares dentro de una economía se desvía de una distribución perfectamente equitativa. Una curva de Lorenz traza los porcentajes acumulados del ingreso total recibido frente al número acumulado de beneficiarios, comenzando con el individuo o el hogar más pobre. El índice de Gini mide el área entre la curva de Lorenz y una línea hipotética de igualdad absoluta, expresada como porcentaje del área máxima bajo la línea. Así, un índice de Gini de 0 representa una igualdad perfecta, mientras que un índice de 100 implica una desigualdad perfecta.",América Latina y el Caribe (excluido altos ingresos),Ingreso mediano alto,2025-04-03
2011,Colombia,COL,Índice de Gini,SI.POV.GINI,53.5,Pobreza y Desigualdad,-2.0146520146520186,54.13333333333333,54.32000000000001,-4.899999999999999,-8.390410958904104,"El índice de Gini mide el grado en que la distribución del ingreso (o, en algunos casos, el gasto de consumo) entre individuos u hogares dentro de una economía se desvía de una distribución perfectamente equitativa. Una curva de Lorenz traza los porcentajes acumulados del ingreso total recibido frente al número acumulado de beneficiarios, comenzando con el individuo o el hogar más pobre. El índice de Gini mide el área entre la curva de Lorenz y una línea hipotética de igualdad absoluta, expresada como porcentaje del área máxima bajo la línea. Así, un índice de Gini de 0 representa una igualdad perfecta, mientras que un índice de 100 implica una desigualdad perfecta.",América Latina y el Caribe (excluido altos ingresos),Ingreso mediano alto,2025-04-03
2012,Colombia,COL,Índice de Gini,SI.POV.GINI,52.6,Pobreza y Desigualdad,-1.6822429906542036,53.56666666666666,54.06,-5.799999999999997,-9.931506849315063,"El índice de Gini mide el grado en que la distribución del ingreso (o, en algunos casos, el gasto de consumo) entre individuos u hogares dentro de una economía se desvía de una distribución perfectamente equitativa. Una curva de Lorenz traza los porcentajes acumulados del ingreso total recibido frente al número acumulado de beneficiarios, comenzando con el individuo o el hogar más pobre. El índice de Gini mide el área entre la curva de Lorenz y una línea hipotética de igualdad absoluta, expresada como porcentaje del área máxima bajo la línea. Así, un índice de Gini de 0 representa una igualdad perfecta, mientras que un índice de 100 implica una desigualdad perfecta.",América Latina y el Caribe (excluido altos ingresos),Ingreso mediano alto,2025-04-03
2013,Colombia,COL,Índice de Gini,SI.POV.GINI,52.6,Pobreza y Desigualdad,0.0,52.900000000000006,53.519999999999996,-5.799999999999997,-9.931506849315063,"El índice de Gini mide el grado en que la distribución del ingreso (o, en algunos casos, el gasto de consumo) entre individuos u hogares dentro de una economía se desvía de una distribución perfectamente equitativa. Una curva de Lorenz traza los porcentajes acumulados del ingreso total recibido frente al número acumulado de beneficiarios, comenzando con el individuo o el hogar más pobre. El índice de Gini mide el área entre la curva de Lorenz y una línea hipotética de igualdad absoluta, expresada como porcentaje del área máxima bajo la línea. Así, un índice de Gini de 0 representa una igualdad perfecta, mientras que un índice de 100 implica una desigualdad perfecta.",América Latina y el Caribe (excluido altos ingresos),Ingreso mediano alto,2025-04-03
2014,Colombia,COL,Índice de Gini,SI.POV.GINI,52.5,Pobreza y Desigualdad,-0.19011406844107182,52.56666666666667,53.160000000000004,-5.899999999999999,-10.102739726027398,"El índice de Gini mide el grado en que la distribución del ingreso (o, en algunos casos, el gasto de consumo) entre individuos u hogares dentro de una economía se desvía de una distribución perfectamente equitativa. Una curva de Lorenz traza los porcentajes acumulados del ingreso total recibido frente al número acumulado de beneficiarios, comenzando con el individuo o el hogar más pobre. El índice de Gini mide el área entre la curva de Lorenz y una línea hipotética de igualdad absoluta, expresada como porcentaje del área máxima bajo la línea. Así, un índice de Gini de 0 representa una igualdad perfecta, mientras que un índice de 100 implica una desigualdad perfecta.",América Latina y el Caribe (excluido altos ingresos),Ingreso mediano alto,2025-04-03
2015,Colombia,COL,Índice de Gini,SI.POV.GINI,51.0,Pobreza y Desigualdad,-2.857142857142858,52.03333333333333,52.44,-7.399999999999999,-12.671232876712324,"El índice de Gini mide el grado en que la distribución del ingreso (o, en algunos casos, el gasto de consumo) entre individuos u hogares dentro de una economía se desvía de una distribución perfectamente equitativa. Una curva de Lorenz traza los porcentajes acumulados del ingreso total recibido frente al número acumulado de beneficiarios, comenzando con el individuo o el hogar más pobre. El índice de Gini mide el área entre la curva de Lorenz y una línea hipotética de igualdad absoluta, expresada como porcentaje del área máxima bajo la línea. Así, un índice de Gini de 0 representa una igualdad perfecta, mientras que un índice de 100 implica una desigualdad perfecta.",América Latina y el Caribe (excluido altos ingresos),Ingreso mediano alto,2025-04-03
2016,Colombia,COL,Índice de Gini,SI.POV.GINI,50.6,Pobreza y Desigualdad,-0.7843137254901933,51.366666666666674,51.86,-7.799999999999997,-13.35616438356164,"El índice de Gini mide el grado en que la distribución del ingreso (o, en algunos casos, el gasto de consumo) entre individuos u hogares dentro de una economía se desvía de una distribución perfectamente equitativa. Una curva de Lorenz traza los porcentajes acumulados del ingreso total recibido frente al número acumulado de beneficiarios, comenzando con el individuo o el hogar más pobre. El índice de Gini mide el área entre la curva de Lorenz y una línea hipotética de igualdad absoluta, expresada como porcentaje del área máxima bajo la línea. Así, un índice de Gini de 0 representa una igualdad perfecta, mientras que un índice de 100 implica una desigualdad perfecta.",América Latina y el Caribe (excluido altos ingresos),Ingreso mediano alto,2025-04-03
2017,Colombia,COL,Índice de Gini,SI.POV.GINI,49.7,Pobreza y Desigualdad,-1.7786561264822143,50.43333333333334,51.279999999999994,-8.699999999999996,-14.897260273972602,"El índice de Gini mide el grado en que la distribución del ingreso (o, en algunos casos, el gasto de consumo) entre individuos u hogares dentro de una economía se desvía de una distribución perfectamente equitativa. Una curva de Lorenz traza los porcentajes acumulados del ingreso total recibido frente al número acumulado de beneficiarios, comenzando con el individuo o el hogar más pobre. El índice de Gini mide el área entre la curva de Lorenz y una línea hipotética de igualdad absoluta, expresada como porcentaje del área máxima bajo la línea. Así, un índice de Gini de 0 representa una igualdad perfecta, mientras que un índice de 100 implica una desigualdad perfecta.",América Latina y el Caribe (excluido altos ingresos),Ingreso mediano alto,2025-04-03
2018,Colombia,COL,Índice de Gini,SI.POV.GINI,50.4,Pobreza y Desigualdad,1.4084507042253502,50.23333333333334,50.839999999999996,-8.0,-13.698630136986301,"El índice de Gini mide el grado en que la distribución del ingreso (o, en algunos casos, el gasto de consumo) entre individuos u hogares dentro de una economía se desvía de una distribución perfectamente equitativa. Una curva de Lorenz traza los porcentajes acumulados del ingreso total recibido frente al número acumulado de beneficiarios, comenzando con el individuo o el hogar más pobre. El índice de Gini mide el área entre la curva de Lorenz y una línea hipotética de igualdad absoluta, expresada como porcentaje del área máxima bajo la línea. Así, un índice de Gini de 0 representa una igualdad perfecta, mientras que un índice de 100 implica una desigualdad perfecta.",América Latina y el Caribe (excluido altos ingresos),Ingreso mediano alto,2025-04-03
2019,Colombia,COL,Índice de Gini,SI.POV.GINI,51.3,Pobreza y Desigualdad,1.7857142857142794,50.46666666666667,50.6,-7.100000000000001,-12.157534246575342,"El índice de Gini mide el grado en que la distribución del ingreso (o, en algunos casos, el gasto de consumo) entre individuos u hogares dentro de una economía se desvía de una distribución perfectamente equitativa. Una curva de Lorenz traza los porcentajes acumulados del ingreso total recibido frente al número acumulado de beneficiarios, comenzando con el individuo o el hogar más pobre. El índice de Gini mide el área entre la curva de Lorenz y una línea hipotética de igualdad absoluta, expresada como porcentaje del área máxima bajo la línea. Así, un índice de Gini de 0 representa una igualdad perfecta, mientras que un índice de 100 implica una desigualdad perfecta.",América Latina y el Caribe (excluido altos ingresos),Ingreso mediano alto,2025-04-03
2020,Colombia,COL,Índice de Gini,SI.POV.GINI,53.5,Pobreza y Desigualdad,4.2884990253411415,51.73333333333333,51.1,-4.899999999999999,-8.390410958904104,"El índice de Gini mide el grado en que la distribución del ingreso (o, en algunos casos, el gasto de consumo) entre individuos u hogares dentro de una economía se desvía de una distribución perfectamente equitativa. Una curva de Lorenz traza los porcentajes acumulados del ingreso total recibido frente al número acumulado de beneficiarios, comenzando con el individuo o el hogar más pobre. El índice de Gini mide el área entre la curva de Lorenz y una línea hipotética de igualdad absoluta, expresada como porcentaje del área máxima bajo la línea. Así, un índice de Gini de 0 representa una igualdad perfecta, mientras que un índice de 100 implica una desigualdad perfecta.",América Latina y el Caribe (excluido altos ingresos),Ingreso mediano alto,2025-04-03
2021,Colombia,COL,Índice de Gini,SI.POV.GINI,55.1,Pobreza y Desigualdad,2.9906542056074903,53.29999999999999,52.0,-3.299999999999997,-5.650684931506844,"El índice de Gini mide el grado en que la distribución del ingreso (o, en algunos casos, el gasto de consumo) entre individuos u hogares dentro de una economía se desvía de una distribución perfectamente equitativa. Una curva de Lorenz traza los porcentajes acumulados del ingreso total recibido frente al número acumulado de beneficiarios, comenzando con el individuo o el hogar más pobre. El índice de Gini mide el área entre la curva de Lorenz y una línea hipotética de igualdad absoluta, expresada como porcentaje del área máxima bajo la línea. Así, un índice de Gini de 0 representa una igualdad perfecta, mientras que un índice de 100 implica una desigualdad perfecta.",América Latina y el Caribe (excluido altos ingresos),Ingreso mediano alto,2025-04-03
2022,Colombia,COL,Índice de Gini,SI.POV.GINI,54.8,Pobreza y Desigualdad,-0.5444646098003658,54.46666666666667,53.02,-3.6000000000000014,-6.164383561643838,"El índice de Gini mide el grado en que la distribución del ingreso (o, en algunos casos, el gasto de consumo) entre individuos u hogares dentro de una economía se desvía de una distribución perfectamente equitativa. Una curva de Lorenz traza los porcentajes acumulados del ingreso total recibido frente al número acumulado de beneficiarios, comenzando con el individuo o el hogar más pobre. El índice de Gini mide el área entre la curva de Lorenz y una línea hipotética de igualdad absoluta, expresada como porcentaje del área máxima bajo la línea. Así, un índice de Gini de 0 representa una igualdad perfecta, mientras que un índice de 100 implica una desigualdad perfecta.",América Latina y el Caribe (excluido altos ingresos),Ingreso mediano alto,2025-04-03
2000,Colombia,COL,"Tasa de incidencia de la pobreza, sobre la base de la línea de pobreza nacional (% de la población)",SI.POV.NAHC,,Pobreza y Desigualdad,,,,,,"El índice nacional de recuento de la pobreza es el porcentaje de la población que vive por debajo del umbral nacional de pobreza. Las estimaciones nacionales se basan en estimaciones de subgrupos ponderados por población de encuestas de hogares. Para las economías cuyos datos provienen de EU-SILC, el año informado es el año de referencia de ingresos, que es el año anterior al año de la encuesta.",América Latina y el Caribe (excluido altos ingresos),Ingreso mediano alto,2025-04-03
2001,Colombia,COL,"Tasa de incidencia de la pobreza, sobre la base de la línea de pobreza nacional (% de la población)",SI.POV.NAHC,,Pobreza y Desigualdad,,,,,,"El índice nacional de recuento de la pobreza es el porcentaje de la población que vive por debajo del umbral nacional de pobreza. Las estimaciones nacionales se basan en estimaciones de subgrupos ponderados por población de encuestas de hogares. Para las economías cuyos datos provienen de EU-SILC, el año informado es el año de referencia de ingresos, que es el año anterior al año de la encuesta.",América Latina y el Caribe (excluido altos ingresos),Ingreso mediano alto,2025-04-03
2002,Colombia,COL,"Tasa de incidencia de la pobreza, sobre la base de la línea de pobreza nacional (% de la población)",SI.POV.NAHC,,Pobreza y Desigualdad,,,,,,"El índice nacional de recuento de la pobreza es el porcentaje de la población que vive por debajo del umbral nacional de pobreza. Las estimaciones nacionales se basan en estimaciones de subgrupos ponderados por población de encuestas de hogares. Para las economías cuyos datos provienen de EU-SILC, el año informado es el año de referencia de ingresos, que es el año anterior al año de la encuesta.",América Latina y el Caribe (excluido altos ingresos),Ingreso mediano alto,2025-04-03
2003,Colombia,COL,"Tasa de incidencia de la pobreza, sobre la base de la línea de pobreza nacional (% de la población)",SI.POV.NAHC,,Pobreza y Desigualdad,,,,,,"El índice nacional de recuento de la pobreza es el porcentaje de la población que vive por debajo del umbral nacional de pobreza. Las estimaciones nacionales se basan en estimaciones de subgrupos ponderados por población de encuestas de hogares. Para las economías cuyos datos provienen de EU-SILC, el año informado es el año de referencia de ingresos, que es el año anterior al año de la encuesta.",América Latina y el Caribe (excluido altos ingresos),Ingreso mediano alto,2025-04-03
2004,Colombia,COL,"Tasa de incidencia de la pobreza, sobre la base de la línea de pobreza nacional (% de la población)",SI.POV.NAHC,,Pobreza y Desigualdad,,,,,,"El índice nacional de recuento de la pobreza es el porcentaje de la población que vive por debajo del umbral nacional de pobreza. Las estimaciones nacionales se basan en estimaciones de subgrupos ponderados por población de encuestas de hogares. Para las economías cuyos datos provienen de EU-SILC, el año informado es el año de referencia de ingresos, que es el año anterior al año de la encuesta.",América Latina y el Caribe (excluido altos ingresos),Ingreso mediano alto,2025-04-03
2005,Colombia,COL,"Tasa de incidencia de la pobreza, sobre la base de la línea de pobreza nacional (% de la población)",SI.POV.NAHC,,Pobreza y Desigualdad,,,,,,"El índice nacional de recuento de la pobreza es el porcentaje de la población que vive por debajo del umbral nacional de pobreza. Las estimaciones nacionales se basan en estimaciones de subgrupos ponderados por población de encuestas de hogares. Para las economías cuyos datos provienen de EU-SILC, el año informado es el año de referencia de ingresos, que es el año anterior al año de la encuesta.",América Latina y el Caribe (excluido altos ingresos),Ingreso mediano alto,2025-04-03
2006,Colombia,COL,"Tasa de incidencia de la pobreza, sobre la base de la línea de pobreza nacional (% de la población)",SI.POV.NAHC,,Pobreza y Desigualdad,,,,,,"El índice nacional de recuento de la pobreza es el porcentaje de la población que vive por debajo del umbral nacional de pobreza. Las estimaciones nacionales se basan en estimaciones de subgrupos ponderados por población de encuestas de hogares. Para las economías cuyos datos provienen de EU-SILC, el año informado es el año de referencia de ingresos, que es el año anterior al año de la encuesta.",América Latina y el Caribe (excluido altos ingresos),Ingreso mediano alto,2025-04-03
2007,Colombia,COL,"Tasa de incidencia de la pobreza, sobre la base de la línea de pobreza nacional (% de la población)",SI.POV.NAHC,,Pobreza y Desigualdad,,,,,,"El índice nacional de recuento de la pobreza es el porcentaje de la población que vive por debajo del umbral nacional de pobreza. Las estimaciones nacionales se basan en estimaciones de subgrupos ponderados por población de encuestas de hogares. Para las economías cuyos datos provienen de EU-SILC, el año informado es el año de referencia de ingresos, que es el año anterior al año de la encuesta.",América Latina y el Caribe (excluido altos ingresos),Ingreso mediano alto,2025-04-03
2008,Colombia,COL,"Tasa de incidencia de la pobreza, sobre la base de la línea de pobreza nacional (% de la población)",SI.POV.NAHC,,Pobreza y Desigualdad,,,,,,"El índice nacional de recuento de la pobreza es el porcentaje de la población que vive por debajo del umbral nacional de pobreza. Las estimaciones nacionales se basan en estimaciones de subgrupos ponderados por población de encuestas de hogares. Para las economías cuyos datos provienen de EU-SILC, el año informado es el año de referencia de ingresos, que es el año anterior al año de la encuesta.",América Latina y el Caribe (excluido altos ingresos),Ingreso mediano alto,2025-04-03
2009,Colombia,COL,"Tasa de incidencia de la pobreza, sobre la base de la línea de pobreza nacional (% de la población)",SI.POV.NAHC,,Pobreza y Desigualdad,,,,,,"El índice nacional de recuento de la pobreza es el porcentaje de la población que vive por debajo del umbral nacional de pobreza. Las estimaciones nacionales se basan en estimaciones de subgrupos ponderados por población de encuestas de hogares. Para las economías cuyos datos provienen de EU-SILC, el año informado es el año de referencia de ingresos, que es el año anterior al año de la encuesta.",América Latina y el Caribe (excluido altos ingresos),Ingreso mediano alto,2025-04-03
2010,Colombia,COL,"Tasa de incidencia de la pobreza, sobre la base de la línea de pobreza nacional (% de la población)",SI.POV.NAHC,,Pobreza y Desigualdad,,,,,,"El índice nacional de recuento de la pobreza es el porcentaje de la población que vive por debajo del umbral nacional de pobreza. Las estimaciones nacionales se basan en estimaciones de subgrupos ponderados por población de encuestas de hogares. Para las economías cuyos datos provienen de EU-SILC, el año informado es el año de referencia de ingresos, que es el año anterior al año de la encuesta.",América Latina y el Caribe (excluido altos ingresos),Ingreso mediano alto,2025-04-03
2011,Colombia,COL,"Tasa de incidencia de la pobreza, sobre la base de la línea de pobreza nacional (% de la población)",SI.POV.NAHC,,Pobreza y Desigualdad,,,,,,"El índice nacional de recuento de la pobreza es el porcentaje de la población que vive por debajo del umbral nacional de pobreza. Las estimaciones nacionales se basan en estimaciones de subgrupos ponderados por población de encuestas de hogares. Para las economías cuyos datos provienen de EU-SILC, el año informado es el año de referencia de ingresos, que es el año anterior al año de la encuesta.",América Latina y el Caribe (excluido altos ingresos),Ingreso mediano alto,2025-04-03
2012,Colombia,COL,"Tasa de incidencia de la pobreza, sobre la base de la línea de pobreza nacional (% de la población)",SI.POV.NAHC,,Pobreza y Desigualdad,,,,,,"El índice nacional de recuento de la pobreza es el porcentaje de la población que vive por debajo del umbral nacional de pobreza. Las estimaciones nacionales se basan en estimaciones de subgrupos ponderados por población de encuestas de hogares. Para las economías cuyos datos provienen de EU-SILC, el año informado es el año de referencia de ingresos, que es el año anterior al año de la encuesta.",América Latina y el Caribe (excluido altos ingresos),Ingreso mediano alto,2025-04-03
2013,Colombia,COL,"Tasa de incidencia de la pobreza, sobre la base de la línea de pobreza nacional (% de la población)",SI.POV.NAHC,,Pobreza y Desigualdad,,,,,,"El índice nacional de recuento de la pobreza es el porcentaje de la población que vive por debajo del umbral nacional de pobreza. Las estimaciones nacionales se basan en estimaciones de subgrupos ponderados por población de encuestas de hogares. Para las economías cuyos datos provienen de EU-SILC, el año informado es el año de referencia de ingresos, que es el año anterior al año de la encuesta.",América Latina y el Caribe (excluido altos ingresos),Ingreso mediano alto,2025-04-03
2014,Colombia,COL,"Tasa de incidencia de la pobreza, sobre la base de la línea de pobreza nacional (% de la población)",SI.POV.NAHC,,Pobreza y Desigualdad,,,,,,"El índice nacional de recuento de la pobreza es el porcentaje de la población que vive por debajo del umbral nacional de pobreza. Las estimaciones nacionales se basan en estimaciones de subgrupos ponderados por población de encuestas de hogares. Para las economías cuyos datos provienen de EU-SILC, el año informado es el año de referencia de ingresos, que es el año anterior al año de la encuesta.",América Latina y el Caribe (excluido altos ingresos),Ingreso mediano alto,2025-04-03
2015,Colombia,COL,"Tasa de incidencia de la pobreza, sobre la base de la línea de pobreza nacional (% de la población)",SI.POV.NAHC,,Pobreza y Desigualdad,,,,,,"El índice nacional de recuento de la pobreza es el porcentaje de la población que vive por debajo del umbral nacional de pobreza. Las estimaciones nacionales se basan en estimaciones de subgrupos ponderados por población de encuestas de hogares. Para las economías cuyos datos provienen de EU-SILC, el año informado es el año de referencia de ingresos, que es el año anterior al año de la encuesta.",América Latina y el Caribe (excluido altos ingresos),Ingreso mediano alto,2025-04-03
2016,Colombia,COL,"Tasa de incidencia de la pobreza, sobre la base de la línea de pobreza nacional (% de la población)",SI.POV.NAHC,,Pobreza y Desigualdad,,,,,,"El índice nacional de recuento de la pobreza es el porcentaje de la población que vive por debajo del umbral nacional de pobreza. Las estimaciones nacionales se basan en estimaciones de subgrupos ponderados por población de encuestas de hogares. Para las economías cuyos datos provienen de EU-SILC, el año informado es el año de referencia de ingresos, que es el año anterior al año de la encuesta.",América Latina y el Caribe (excluido altos ingresos),Ingreso mediano alto,2025-04-03
2017,Colombia,COL,"Tasa de incidencia de la pobreza, sobre la base de la línea de pobreza nacional (% de la población)",SI.POV.NAHC,,Pobreza y Desigualdad,,,,,,"El índice nacional de recuento de la pobreza es el porcentaje de la población que vive por debajo del umbral nacional de pobreza. Las estimaciones nacionales se basan en estimaciones de subgrupos ponderados por población de encuestas de hogares. Para las economías cuyos datos provienen de EU-SILC, el año informado es el año de referencia de ingresos, que es el año anterior al año de la encuesta.",América Latina y el Caribe (excluido altos ingresos),Ingreso mediano alto,2025-04-03
2018,Colombia,COL,"Tasa de incidencia de la pobreza, sobre la base de la línea de pobreza nacional (% de la población)",SI.POV.NAHC,,Pobreza y Desigualdad,,,,,,"El índice nacional de recuento de la pobreza es el porcentaje de la población que vive por debajo del umbral nacional de pobreza. Las estimaciones nacionales se basan en estimaciones de subgrupos ponderados por población de encuestas de hogares. Para las economías cuyos datos provienen de EU-SILC, el año informado es el año de referencia de ingresos, que es el año anterior al año de la encuesta.",América Latina y el Caribe (excluido altos ingresos),Ingreso mediano alto,2025-04-03
2019,Colombia,COL,"Tasa de incidencia de la pobreza, sobre la base de la línea de pobreza nacional (% de la población)",SI.POV.NAHC,,Pobreza y Desigualdad,,,,,,"El índice nacional de recuento de la pobreza es el porcentaje de la población que vive por debajo del umbral nacional de pobreza. Las estimaciones nacionales se basan en estimaciones de subgrupos ponderados por población de encuestas de hogares. Para las economías cuyos datos provienen de EU-SILC, el año informado es el año de referencia de ingresos, que es el año anterior al año de la encuesta.",América Latina y el Caribe (excluido altos ingresos),Ingreso mediano alto,2025-04-03
2020,Colombia,COL,"Tasa de incidencia de la pobreza, sobre la base de la línea de pobreza nacional (% de la población)",SI.POV.NAHC,,Pobreza y Desigualdad,,,,,,"El índice nacional de recuento de la pobreza es el porcentaje de la población que vive por debajo del umbral nacional de pobreza. Las estimaciones nacionales se basan en estimaciones de subgrupos ponderados por población de encuestas de hogares. Para las economías cuyos datos provienen de EU-SILC, el año informado es el año de referencia de ingresos, que es el año anterior al año de la encuesta.",América Latina y el Caribe (excluido altos ingresos),Ingreso mediano alto,2025-04-03
2021,Colombia,COL,"Tasa de incidencia de la pobreza, sobre la base de la línea de pobreza nacional (% de la población)",SI.POV.NAHC,39.7,Pobreza y Desigualdad,,39.7,39.7,,,"El índice nacional de recuento de la pobreza es el porcentaje de la población que vive por debajo del umbral nacional de pobreza. Las estimaciones nacionales se basan en estimaciones de subgrupos ponderados por población de encuestas de hogares. Para las economías cuyos datos provienen de EU-SILC, el año informado es el año de referencia de ingresos, que es el año anterior al año de la encuesta.",América Latina y el Caribe (excluido altos ingresos),Ingreso mediano alto,2025-04-03
2022,Colombia,COL,"Tasa de incidencia de la pobreza, sobre la base de la línea de pobreza nacional (% de la población)",SI.POV.NAHC,36.6,Pobreza y Desigualdad,,38.150000000000006,38.150000000000006,,,"El índice nacional de recuento de la pobreza es el porcentaje de la población que vive por debajo del umbral nacional de pobreza. Las estimaciones nacionales se basan en estimaciones de subgrupos ponderados por población de encuestas de hogares. Para las economías cuyos datos provienen de EU-SILC, el año informado es el año de referencia de ingresos, que es el año anterior al año de la encuesta.",América Latina y el Caribe (excluido altos ingresos),Ingreso mediano alto,2025-04-03
2023,Colombia,COL,"Tasa de incidencia de la pobreza, sobre la base de la línea de pobreza nacional (% de la población)",SI.POV.NAHC,,Pobreza y Desigualdad,,38.150000000000006,38.150000000000006,,,"El índice nacional de recuento de la pobreza es el porcentaje de la población que vive por debajo del umbral nacional de pobreza. Las estimaciones nacionales se basan en estimaciones de subgrupos ponderados por población de encuestas de hogares. Para las economías cuyos datos provienen de EU-SILC, el año informado es el año de referencia de ingresos, que es el año anterior al año de la encuesta.",América Latina y el Caribe (excluido altos ingresos),Ingreso mediano alto,2025-04-03
2000,Colombia,COL,"Desempleo, total (% de la fuerza laboral total) (estimación modelada de la OIT)",SL.UEM.TOTL.ZS,20.52,Trabajo y Empleo,2.293120638085755,18.526666666666667,15.906,0.0,0.0,El desempleo se refiere a la proporción de la fuerza laboral que está sin trabajo pero disponible y buscándolo.,América Latina y el Caribe (excluido altos ingresos),Ingreso mediano alto,2025-04-03
2001,Colombia,COL,"Desempleo, total (% de la fuerza laboral total) (estimación modelada de la OIT)",SL.UEM.TOTL.ZS,15.04,Trabajo y Empleo,-26.7056530214425,18.54,16.552,-5.48,-26.7056530214425,El desempleo se refiere a la proporción de la fuerza laboral que está sin trabajo pero disponible y buscándolo.,América Latina y el Caribe (excluido altos ingresos),Ingreso mediano alto,2025-04-03
2002,Colombia,COL,"Desempleo, total (% de la fuerza laboral total) (estimación modelada de la OIT)",SL.UEM.TOTL.ZS,14.481,Trabajo y Empleo,-3.7167553191489344,16.680333333333333,17.0202,-6.039,-29.429824561403507,El desempleo se refiere a la proporción de la fuerza laboral que está sin trabajo pero disponible y buscándolo.,América Latina y el Caribe (excluido altos ingresos),Ingreso mediano alto,2025-04-03
2003,Colombia,COL,"Desempleo, total (% de la fuerza laboral total) (estimación modelada de la OIT)",SL.UEM.TOTL.ZS,13.221,Trabajo y Empleo,-8.701056556867615,14.247333333333332,16.6644,-7.2989999999999995,-35.570175438596486,El desempleo se refiere a la proporción de la fuerza laboral que está sin trabajo pero disponible y buscándolo.,América Latina y el Caribe (excluido altos ingresos),Ingreso mediano alto,2025-04-03
2004,Colombia,COL,"Desempleo, total (% de la fuerza laboral total) (estimación modelada de la OIT)",SL.UEM.TOTL.ZS,13.717,Trabajo y Empleo,3.7516072914303145,13.806333333333333,15.3958,-6.802999999999999,-33.153021442495124,El desempleo se refiere a la proporción de la fuerza laboral que está sin trabajo pero disponible y buscándolo.,América Latina y el Caribe (excluido altos ingresos),Ingreso mediano alto,2025-04-03
2005,Colombia,COL,"Desempleo, total (% de la fuerza laboral total) (estimación modelada de la OIT)",SL.UEM.TOTL.ZS,11.062,Trabajo y Empleo,-19.35554421520741,12.666666666666666,13.5042,-9.458,-46.09161793372319,El desempleo se refiere a la proporción de la fuerza laboral que está sin trabajo pero disponible y buscándolo.,América Latina y el Caribe (excluido altos ingresos),Ingreso mediano alto,2025-04-03
2006,Colombia,COL,"Desempleo, total (% de la fuerza laboral total) (estimación modelada de la OIT)",SL.UEM.TOTL.ZS,11.091,Trabajo y Empleo,0.2621587416380411,11.956666666666669,12.714400000000001,-9.429,-45.95029239766082,El desempleo se refiere a la proporción de la fuerza laboral que está sin trabajo pero disponible y buscándolo.,América Latina y el Caribe (excluido altos ingresos),Ingreso mediano alto,2025-04-03
2007,Colombia,COL,"Desempleo, total (% de la fuerza laboral total) (estimación modelada de la OIT)",SL.UEM.TOTL.ZS,11.204,Trabajo y Empleo,1.0188441078351929,11.119,12.059000000000001,-9.315999999999999,-45.39961013645224,El desempleo se refiere a la proporción de la fuerza laboral que está sin trabajo pero disponible y buscándolo.,América Latina y el Caribe (excluido altos ingresos),Ingreso mediano alto,2025-04-03
2008,Colombia,COL,"Desempleo, total (% de la fuerza laboral total) (estimación modelada de la OIT)",SL.UEM.TOTL.ZS,11.273,Trabajo y Empleo,0.615851481613694,11.189333333333332,11.6694,-9.247,-45.063352826510716,El desempleo se refiere a la proporción de la fuerza laboral que está sin trabajo pero disponible y buscándolo.,América Latina y el Caribe (excluido altos ingresos),Ingreso mediano alto,2025-04-03
2009,Colombia,COL,"Desempleo, total (% de la fuerza laboral total) (estimación modelada de la OIT)",SL.UEM.TOTL.ZS,12.066,Trabajo y Empleo,7.034507229663811,11.514333333333333,11.3392,-8.453999999999999,-41.198830409356724,El desempleo se refiere a la proporción de la fuerza laboral que está sin trabajo pero disponible y buscándolo.,América Latina y el Caribe (excluido altos ingresos),Ingreso mediano alto,2025-04-03
2010,Colombia,COL,"Desempleo, total (% de la fuerza laboral total) (estimación modelada de la OIT)",SL.UEM.TOTL.ZS,11.153,Trabajo y Empleo,-7.566716393170891,11.497333333333335,11.3574,-9.366999999999999,-45.64814814814815,El desempleo se refiere a la proporción de la fuerza laboral que está sin trabajo pero disponible y buscándolo.,América Latina y el Caribe (excluido altos ingresos),Ingreso mediano alto,2025-04-03
2011,Colombia,COL,"Desempleo, total (% de la fuerza laboral total) (estimación modelada de la OIT)",SL.UEM.TOTL.ZS,10.288,Trabajo y Empleo,-7.755760781852416,11.169000000000002,11.1968,-10.232,-49.8635477582846,El desempleo se refiere a la proporción de la fuerza laboral que está sin trabajo pero disponible y buscándolo.,América Latina y el Caribe (excluido altos ingresos),Ingreso mediano alto,2025-04-03
2012,Colombia,COL,"Desempleo, total (% de la fuerza laboral total) (estimación modelada de la OIT)",SL.UEM.TOTL.ZS,9.959,Trabajo y Empleo,-3.1979004665629973,10.466666666666667,10.9478,-10.561,-51.46686159844054,El desempleo se refiere a la proporción de la fuerza laboral que está sin trabajo pero disponible y buscándolo.,América Latina y el Caribe (excluido altos ingresos),Ingreso mediano alto,2025-04-03
2013,Colombia,COL,"Desempleo, total (% de la fuerza laboral total) (estimación modelada de la OIT)",SL.UEM.TOTL.ZS,9.246,Trabajo y Empleo,-7.1593533487297805,9.831000000000001,10.5424,-11.274,-54.94152046783625,El desempleo se refiere a la proporción de la fuerza laboral que está sin trabajo pero disponible y buscándolo.,América Latina y el Caribe (excluido altos ingresos),Ingreso mediano alto,2025-04-03
2014,Colombia,COL,"Desempleo, total (% de la fuerza laboral total) (estimación modelada de la OIT)",SL.UEM.TOTL.ZS,8.799,Trabajo y Empleo,-4.83452303698898,9.334666666666665,9.889,-11.721,-57.11988304093567,El desempleo se refiere a la proporción de la fuerza laboral que está sin trabajo pero disponible y buscándolo.,América Latina y el Caribe (excluido altos ingresos),Ingreso mediano alto,2025-04-03
2015,Colombia,COL,"Desempleo, total (% de la fuerza laboral total) (estimación modelada de la OIT)",SL.UEM.TOTL.ZS,8.572,Trabajo y Empleo,-2.5798386180247768,8.872333333333332,9.3728,-11.948,-58.226120857699804,El desempleo se refiere a la proporción de la fuerza laboral que está sin trabajo pero disponible y buscándolo.,América Latina y el Caribe (excluido altos ingresos),Ingreso mediano alto,2025-04-03
2016,Colombia,COL,"Desempleo, total (% de la fuerza laboral total) (estimación modelada de la OIT)",SL.UEM.TOTL.ZS,8.922,Trabajo y Empleo,4.08306112925807,8.764333333333333,9.099599999999999,-11.597999999999999,-56.5204678362573,El desempleo se refiere a la proporción de la fuerza laboral que está sin trabajo pero disponible y buscándolo.,América Latina y el Caribe (excluido altos ingresos),Ingreso mediano alto,2025-04-03
2017,Colombia,COL,"Desempleo, total (% de la fuerza laboral total) (estimación modelada de la OIT)",SL.UEM.TOTL.ZS,9.086,Trabajo y Empleo,1.8381528805200498,8.86,8.925,-11.434,-55.72124756335282,El desempleo se refiere a la proporción de la fuerza laboral que está sin trabajo pero disponible y buscándolo.,América Latina y el Caribe (excluido altos ingresos),Ingreso mediano alto,2025-04-03
2018,Colombia,COL,"Desempleo, total (% de la fuerza laboral total) (estimación modelada de la OIT)",SL.UEM.TOTL.ZS,9.36,Trabajo y Empleo,3.015628439357254,9.122666666666667,8.947799999999999,-11.16,-54.385964912280706,El desempleo se refiere a la proporción de la fuerza laboral que está sin trabajo pero disponible y buscándolo.,América Latina y el Caribe (excluido altos ingresos),Ingreso mediano alto,2025-04-03
2019,Colombia,COL,"Desempleo, total (% de la fuerza laboral total) (estimación modelada de la OIT)",SL.UEM.TOTL.ZS,10.28,Trabajo y Empleo,9.829059829059839,9.575333333333333,9.244,-10.24,-49.902534113060426,El desempleo se refiere a la proporción de la fuerza laboral que está sin trabajo pero disponible y buscándolo.,América Latina y el Caribe (excluido altos ingresos),Ingreso mediano alto,2025-04-03
2020,Colombia,COL,"Desempleo, total (% de la fuerza laboral total) (estimación modelada de la OIT)",SL.UEM.TOTL.ZS,15.983,Trabajo y Empleo,55.476653696498076,11.874333333333333,10.7262,-4.536999999999999,-22.11013645224171,El desempleo se refiere a la proporción de la fuerza laboral que está sin trabajo pero disponible y buscándolo.,América Latina y el Caribe (excluido altos ingresos),Ingreso mediano alto,2025-04-03
2021,Colombia,COL,"Desempleo, total (% de la fuerza laboral total) (estimación modelada de la OIT)",SL.UEM.TOTL.ZS,13.898,Trabajo y Empleo,-13.045110429831697,13.387,11.7214,-6.622,-32.27095516569201,El desempleo se refiere a la proporción de la fuerza laboral que está sin trabajo pero disponible y buscándolo.,América Latina y el Caribe (excluido altos ingresos),Ingreso mediano alto,2025-04-03
2022,Colombia,COL,"Desempleo, total (% de la fuerza laboral total) (estimación modelada de la OIT)",SL.UEM.TOTL.ZS,10.547,Trabajo y Empleo,-24.111382932796076,13.475999999999999,12.0136,-9.972999999999999,-48.60136452241714,El desempleo se refiere a la proporción de la fuerza laboral que está sin trabajo pero disponible y buscándolo.,América Latina y el Caribe (excluido altos ingresos),Ingreso mediano alto,2025-04-03
2023,Colombia,COL,"Desempleo, total (% de la fuerza laboral total) (estimación modelada de la OIT)",SL.UEM.TOTL.ZS,9.594,Trabajo y Empleo,-9.035744761543574,11.346333333333334,12.0604,-10.926,-53.24561403508772,El desempleo se refiere a la proporción de la fuerza laboral que está sin trabajo pero disponible y buscándolo.,América Latina y el Caribe (excluido altos ingresos),Ingreso mediano alto,2025-04-03
2000,Colombia,COL,"Esperanza de vida al nacer, total (años)",SP.DYN.LE00.IN,71.32,Población y Demografía,0.5555085582156005,70.99466666666666,70.73299999999999,0.0,0.0,La esperanza de vida al nacer indica el número de años que viviría un recién nacido si los patrones de mortalidad prevalecientes en el momento de su nacimiento se mantuvieran iguales durante toda su vida.,América Latina y el Caribe (excluido altos ingresos),Ingreso mediano alto,2025-04-03
2001,Colombia,COL,"Esperanza de vida al nacer, total (años)",SP.DYN.LE00.IN,71.502,Población y Demografía,0.2551878855860945,71.24933333333333,70.9956,0.18200000000000216,0.2551878855860945,La esperanza de vida al nacer indica el número de años que viviría un recién nacido si los patrones de mortalidad prevalecientes en el momento de su nacimiento se mantuvieran iguales durante toda su vida.,América Latina y el Caribe (excluido altos ingresos),Ingreso mediano alto,2025-04-03
2002,Colombia,COL,"Esperanza de vida al nacer, total (años)",SP.DYN.LE00.IN,71.939,Población y Demografía,0.6111717154764884,71.58699999999999,71.285,0.6189999999999998,0.8679192372406108,La esperanza de vida al nacer indica el número de años que viviría un recién nacido si los patrones de mortalidad prevalecientes en el momento de su nacimiento se mantuvieran iguales durante toda su vida.,América Latina y el Caribe (excluido altos ingresos),Ingreso mediano alto,2025-04-03
2003,Colombia,COL,"Esperanza de vida al nacer, total (años)",SP.DYN.LE00.IN,72.361,Población y Demografía,0.5866080985279298,71.934,71.6096,1.041000000000011,1.4596186203028827,La esperanza de vida al nacer indica el número de años que viviría un recién nacido si los patrones de mortalidad prevalecientes en el momento de su nacimiento se mantuvieran iguales durante toda su vida.,América Latina y el Caribe (excluido altos ingresos),Ingreso mediano alto,2025-04-03
2004,Colombia,COL,"Esperanza de vida al nacer, total (años)",SP.DYN.LE00.IN,72.695,Población y Demografía,0.46157460510494186,72.33166666666666,71.9634,1.375,1.9279304542905162,La esperanza de vida al nacer indica el número de años que viviría un recién nacido si los patrones de mortalidad prevalecientes en el momento de su nacimiento se mantuvieran iguales durante toda su vida.,América Latina y el Caribe (excluido altos ingresos),Ingreso mediano alto,2025-04-03
2005,Colombia,COL,"Esperanza de vida al nacer, total (años)",SP.DYN.LE00.IN,73.081,Población y Demografía,0.5309856248710609,72.71233333333333,72.31559999999999,1.76100000000001,2.4691531127313704,La esperanza de vida al nacer indica el número de años que viviría un recién nacido si los patrones de mortalidad prevalecientes en el momento de su nacimiento se mantuvieran iguales durante toda su vida.,América Latina y el Caribe (excluido altos ingresos),Ingreso mediano alto,2025-04-03
2006,Colombia,COL,"Esperanza de vida al nacer, total (años)",SP.DYN.LE00.IN,73.468,Población y Demografía,0.5295494040858717,73.08133333333333,72.7088,2.1480000000000103,3.011777902411672,La esperanza de vida al nacer indica el número de años que viviría un recién nacido si los patrones de mortalidad prevalecientes en el momento de su nacimiento se mantuvieran iguales durante toda su vida.,América Latina y el Caribe (excluido altos ingresos),Ingreso mediano alto,2025-04-03
2007,Colombia,COL,"Esperanza de vida al nacer, total (años)",SP.DYN.LE00.IN,73.837,Población y Demografía,0.5022594871236352,73.462,73.08840000000001,2.51700000000001,3.529164329781276,La esperanza de vida al nacer indica el número de años que viviría un recién nacido si los patrones de mortalidad prevalecientes en el momento de su nacimiento se mantuvieran iguales durante toda su vida.,América Latina y el Caribe (excluido altos ingresos),Ingreso mediano alto,2025-04-03
2008,Colombia,COL,"Esperanza de vida al nacer, total (años)",SP.DYN.LE00.IN,74.295,Población y Demografía,0.6202852228557543,73.86666666666666,73.4752,2.9750000000000085,4.171340437464965,La esperanza de vida al nacer indica el número de años que viviría un recién nacido si los patrones de mortalidad prevalecientes en el momento de su nacimiento se mantuvieran iguales durante toda su vida.,América Latina y el Caribe (excluido altos ingresos),Ingreso mediano alto,2025-04-03
2009,Colombia,COL,"Esperanza de vida al nacer, total (años)",SP.DYN.LE00.IN,74.742,Población y Demografía,0.6016555622854858,74.29133333333334,73.8846,3.4220000000000113,4.798093101514311,La esperanza de vida al nacer indica el número de años que viviría un recién nacido si los patrones de mortalidad prevalecientes en el momento de su nacimiento se mantuvieran iguales durante toda su vida.,América Latina y el Caribe (excluido altos ingresos),Ingreso mediano alto,2025-04-03
2010,Colombia,COL,"Esperanza de vida al nacer, total (años)",SP.DYN.LE00.IN,75.033,Población y Demografía,0.38933932728586473,74.69000000000001,74.275,3.713000000000008,5.206113292204173,La esperanza de vida al nacer indica el número de años que viviría un recién nacido si los patrones de mortalidad prevalecientes en el momento de su nacimiento se mantuvieran iguales durante toda su vida.,América Latina y el Caribe (excluido altos ingresos),Ingreso mediano alto,2025-04-03
2011,Colombia,COL,"Esperanza de vida al nacer, total (años)",SP.DYN.LE00.IN,75.32,Población y Demografía,0.382498367384998,75.03166666666667,74.64540000000001,4.0,5.608524957936067,La esperanza de vida al nacer indica el número de años que viviría un recién nacido si los patrones de mortalidad prevalecientes en el momento de su nacimiento se mantuvieran iguales durante toda su vida.,América Latina y el Caribe (excluido altos ingresos),Ingreso mediano alto,2025-04-03
2012,Colombia,COL,"Esperanza de vida al nacer, total (años)",SP.DYN.LE00.IN,75.597,Población y Demografía,0.3677642060541775,75.31666666666666,74.9974,4.277000000000001,5.996915311273132,La esperanza de vida al nacer indica el número de años que viviría un recién nacido si los patrones de mortalidad prevalecientes en el momento de su nacimiento se mantuvieran iguales durante toda su vida.,América Latina y el Caribe (excluido altos ingresos),Ingreso mediano alto,2025-04-03
2013,Colombia,COL,"Esperanza de vida al nacer, total (años)",SP.DYN.LE00.IN,75.827,Población y Demografía,0.30424487744222795,75.58133333333332,75.3038,4.507000000000005,6.319405496354458,La esperanza de vida al nacer indica el número de años que viviría un recién nacido si los patrones de mortalidad prevalecientes en el momento de su nacimiento se mantuvieran iguales durante toda su vida.,América Latina y el Caribe (excluido altos ingresos),Ingreso mediano alto,2025-04-03
2014,Colombia,COL,"Esperanza de vida al nacer, total (años)",SP.DYN.LE00.IN,76.043,Población y Demografía,0.28485895525340865,75.82233333333333,75.564,4.723000000000013,6.622265844083031,La esperanza de vida al nacer indica el número de años que viviría un recién nacido si los patrones de mortalidad prevalecientes en el momento de su nacimiento se mantuvieran iguales durante toda su vida.,América Latina y el Caribe (excluido altos ingresos),Ingreso mediano alto,2025-04-03
2015,Colombia,COL,"Esperanza de vida al nacer, total (años)",SP.DYN.LE00.IN,76.257,Población y Demografía,0.2814197230514237,76.04233333333333,75.80879999999999,4.937000000000012,6.922321929332598,La esperanza de vida al nacer indica el número de años que viviría un recién nacido si los patrones de mortalidad prevalecientes en el momento de su nacimiento se mantuvieran iguales durante toda su vida.,América Latina y el Caribe (excluido altos ingresos),Ingreso mediano alto,2025-04-03
2016,Colombia,COL,"Esperanza de vida al nacer, total (años)",SP.DYN.LE00.IN,76.471,Población y Demografía,0.28062997495312825,76.257,76.039,5.1510000000000105,7.222378014582187,La esperanza de vida al nacer indica el número de años que viviría un recién nacido si los patrones de mortalidad prevalecientes en el momento de su nacimiento se mantuvieran iguales durante toda su vida.,América Latina y el Caribe (excluido altos ingresos),Ingreso mediano alto,2025-04-03
2017,Colombia,COL,"Esperanza de vida al nacer, total (años)",SP.DYN.LE00.IN,76.646,Población y Demografía,0.2288449216042654,76.45800000000001,76.2488,5.326000000000008,7.467750981491883,La esperanza de vida al nacer indica el número de años que viviría un recién nacido si los patrones de mortalidad prevalecientes en el momento de su nacimiento se mantuvieran iguales durante toda su vida.,América Latina y el Caribe (excluido altos ingresos),Ingreso mediano alto,2025-04-03
2018,Colombia,COL,"Esperanza de vida al nacer, total (años)",SP.DYN.LE00.IN,76.748,Población y Demografía,0.13307935182527153,76.62166666666667,76.433,5.4280000000000115,7.610768367919252,La esperanza de vida al nacer indica el número de años que viviría un recién nacido si los patrones de mortalidad prevalecientes en el momento de su nacimiento se mantuvieran iguales durante toda su vida.,América Latina y el Caribe (excluido altos ingresos),Ingreso mediano alto,2025-04-03
2019,Colombia,COL,"Esperanza de vida al nacer, total (años)",SP.DYN.LE00.IN,76.752,Población y Demografía,0.005211862198351014,76.71533333333333,76.57480000000001,5.432000000000002,7.616376892877175,La esperanza de vida al nacer indica el número de años que viviría un recién nacido si los patrones de mortalidad prevalecientes en el momento de su nacimiento se mantuvieran iguales durante toda su vida.,América Latina y el Caribe (excluido altos ingresos),Ingreso mediano alto,2025-04-03
2020,Colombia,COL,"Esperanza de vida al nacer, total (años)",SP.DYN.LE00.IN,74.769,Población y Demografía,-2.583646028767972,76.08966666666667,76.27720000000001,3.4490000000000123,4.835950644980391,La esperanza de vida al nacer indica el número de años que viviría un recién nacido si los patrones de mortalidad prevalecientes en el momento de su nacimiento se mantuvieran iguales durante toda su vida.,América Latina y el Caribe (excluido altos ingresos),Ingreso mediano alto,2025-04-03
2021,Colombia,COL,"Esperanza de vida al nacer, total (años)",SP.DYN.LE00.IN,72.83,Población y Demografía,-2.593320761278084,74.78366666666666,75.549,1.5100000000000051,2.1172181716208716,La esperanza de vida al nacer indica el número de años que viviría un recién nacido si los patrones de mortalidad prevalecientes en el momento de su nacimiento se mantuvieran iguales durante toda su vida.,América Latina y el Caribe (excluido altos ingresos),Ingreso mediano alto,2025-04-03
2022,Colombia,COL,"Esperanza de vida al nacer, total (años)",SP.DYN.LE00.IN,73.659,Población y Demografía,1.1382671975834313,73.75266666666667,74.95160000000001,2.339000000000013,3.2795849691531265,La esperanza de vida al nacer indica el número de años que viviría un recién nacido si los patrones de mortalidad prevalecientes en el momento de su nacimiento se mantuvieran iguales durante toda su vida.,América Latina y el Caribe (excluido altos ingresos),Ingreso mediano alto,2025-04-03
2000,Colombia,COL,"Población, total",SP.POP.TOTL,39089934.0,Población y Demografía,1.6514712326500813,38445654.0,37784171.2,0.0,0.0,"La población total se basa en la definición de facto de población, que cuenta a todos los residentes independientemente de su estatus legal o ciudadanía. Los valores mostrados son estimaciones de mitad de año.",América Latina y el Caribe (excluido altos ingresos),Ingreso mediano alto,2025-04-03
2001,Colombia,COL,"Población, total",SP.POP.TOTL,39709262.0,Población y Demografía,1.5843669626047552,39084686.333333336,38433474.6,619328.0,1.5843669626047552,"La población total se basa en la definición de facto de población, que cuenta a todos los residentes independientemente de su estatus legal o ciudadanía. Los valores mostrados son estimaciones de mitad de año.",América Latina y el Caribe (excluido altos ingresos),Ingreso mediano alto,2025-04-03
2002,Colombia,COL,"Población, total",SP.POP.TOTL,40324680.0,Población y Demografía,1.5498097144187595,39707958.666666664,39074180.8,1234746.0,3.1587313501220127,"La población total se basa en la definición de facto de población, que cuenta a todos los residentes independientemente de su estatus legal o ciudadanía. Los valores mostrados son estimaciones de mitad de año.",América Latina y el Caribe (excluido altos ingresos),Ingreso mediano alto,2025-04-03
2003,Colombia,COL,"Población, total",SP.POP.TOTL,40937429.0,Población y Demografía,1.5195384067523854,40323790.333333336,39703233.6,1847495.0,4.726267892905622,"La población total se basa en la definición de facto de población, que cuenta a todos los residentes independientemente de su estatus legal o ciudadanía. Los valores mostrados son estimaciones de mitad de año.",América Latina y el Caribe (excluido altos ingresos),Ingreso mediano alto,2025-04-03
2004,Colombia,COL,"Población, total",SP.POP.TOTL,41543171.0,Población y Demografía,1.479677680784497,40935093.333333336,40320895.2,2453237.0,6.275879104835536,"La población total se basa en la definición de facto de población, que cuenta a todos los residentes independientemente de su estatus legal o ciudadanía. Los valores mostrados son estimaciones de mitad de año.",América Latina y el Caribe (excluido altos ingresos),Ingreso mediano alto,2025-04-03
2005,Colombia,COL,"Población, total",SP.POP.TOTL,42128977.0,Población y Demografía,1.4101138307424765,41536525.666666664,40928703.8,3039043.0,7.774489974835985,"La población total se basa en la definición de facto de población, que cuenta a todos los residentes independientemente de su estatus legal o ciudadanía. Los valores mostrados son estimaciones de mitad de año.",América Latina y el Caribe (excluido altos ingresos),Ingreso mediano alto,2025-04-03
2006,Colombia,COL,"Población, total",SP.POP.TOTL,42691084.0,Población y Demografía,1.3342526688934209,42121077.333333336,41525068.2,3601150.0,9.2124739837115,"La población total se basa en la definición de facto de población, que cuenta a todos los residentes independientemente de su estatus legal o ciudadanía. Los valores mostrados son estimaciones de mitad de año.",América Latina y el Caribe (excluido altos ingresos),Ingreso mediano alto,2025-04-03
2007,Colombia,COL,"Población, total",SP.POP.TOTL,43235374.0,Población y Demografía,1.2749500574874117,42685145.0,42107207.0,4145440.0,10.604878483550273,"La población total se basa en la definición de facto de población, que cuenta a todos los residentes independientemente de su estatus legal o ciudadanía. Los valores mostrados son estimaciones de mitad de año.",América Latina y el Caribe (excluido altos ingresos),Ingreso mediano alto,2025-04-03
2008,Colombia,COL,"Población, total",SP.POP.TOTL,43758808.0,Población y Demografía,1.2106614366282464,43228422.0,42671482.8,4668874.0,11.943929094380156,"La población total se basa en la definición de facto de población, que cuenta a todos los residentes independientemente de su estatus legal o ciudadanía. Los valores mostrados son estimaciones de mitad de año.",América Latina y el Caribe (excluido altos ingresos),Ingreso mediano alto,2025-04-03
2009,Colombia,COL,"Población, total",SP.POP.TOTL,44271541.0,Población y Demografía,1.171725244435362,43755241.0,43217156.8,5181607.0,13.25560437119182,"La población total se basa en la definición de facto de población, que cuenta a todos los residentes independientemente de su estatus legal o ciudadanía. Los valores mostrados son estimaciones de mitad de año.",América Latina y el Caribe (excluido altos ingresos),Ingreso mediano alto,2025-04-03
2010,Colombia,COL,"Población, total",SP.POP.TOTL,44777319.0,Población y Demografía,1.142444985142932,44269222.666666664,43746825.2,5687385.0,14.549487343723833,"La población total se basa en la definición de facto de población, que cuenta a todos los residentes independientemente de su estatus legal o ciudadanía. Los valores mostrados son estimaciones de mitad de año.",América Latina y el Caribe (excluido altos ingresos),Ingreso mediano alto,2025-04-03
2011,Colombia,COL,"Población, total",SP.POP.TOTL,45259614.0,Población y Demografía,1.0770966435038165,44769491.333333336,44260531.2,6169680.0,15.783296027053929,"La población total se basa en la definición de facto de población, que cuenta a todos los residentes independientemente de su estatus legal o ciudadanía. Los valores mostrados son estimaciones de mitad de año.",América Latina y el Caribe (excluido altos ingresos),Ingreso mediano alto,2025-04-03
2012,Colombia,COL,"Población, total",SP.POP.TOTL,45715810.0,Población y Demografía,1.0079538018154643,45250914.333333336,44756618.4,6625876.0,16.950338161225865,"La población total se basa en la definición de facto de población, que cuenta a todos los residentes independientemente de su estatus legal o ciudadanía. Los valores mostrados son estimaciones de mitad de año.",América Latina y el Caribe (excluido altos ingresos),Ingreso mediano alto,2025-04-03
2013,Colombia,COL,"Población, total",SP.POP.TOTL,46151584.0,Población y Demografía,0.9532238409425631,45709002.666666664,45235173.6,7061650.0,18.0651366666416,"La población total se basa en la definición de facto de población, que cuenta a todos los residentes independientemente de su estatus legal o ciudadanía. Los valores mostrados son estimaciones de mitad de año.",América Latina y el Caribe (excluido altos ingresos),Ingreso mediano alto,2025-04-03
2014,Colombia,COL,"Población, total",SP.POP.TOTL,46565429.0,Población y Demografía,0.8967081173205216,46144274.333333336,45693951.2,7475495.0,19.123836330856946,"La población total se basa en la definición de facto de población, que cuenta a todos los residentes independientemente de su estatus legal o ciudadanía. Los valores mostrados son estimaciones de mitad de año.",América Latina y el Caribe (excluido altos ingresos),Ingreso mediano alto,2025-04-03
2015,Colombia,COL,"Población, total",SP.POP.TOTL,46969940.0,Población y Demografía,0.86869381145398,46562317.666666664,46132475.4,7880006.0,20.15865772502967,"La población total se basa en la definición de facto de población, que cuenta a todos los residentes independientemente de su estatus legal o ciudadanía. Los valores mostrados son estimaciones de mitad de año.",América Latina y el Caribe (excluido altos ingresos),Ingreso mediano alto,2025-04-03
2016,Colombia,COL,"Población, total",SP.POP.TOTL,47437512.0,Población y Demografía,0.995470720209557,46990960.333333336,46568055.0,8347578.0,21.354801980479166,"La población total se basa en la definición de facto de población, que cuenta a todos los residentes independientemente de su estatus legal o ciudadanía. Los valores mostrados son estimaciones de mitad de año.",América Latina y el Caribe (excluido altos ingresos),Ingreso mediano alto,2025-04-03
2017,Colombia,COL,"Población, total",SP.POP.TOTL,48131078.0,Población y Demografía,1.4620623442477276,47512843.333333336,47051108.6,9041144.0,23.129084843172155,"La población total se basa en la definición de facto de población, que cuenta a todos los residentes independientemente de su estatus legal o ciudadanía. Los valores mostrados son estimaciones de mitad de año.",América Latina y el Caribe (excluido altos ingresos),Ingreso mediano alto,2025-04-03
2018,Colombia,COL,"Población, total",SP.POP.TOTL,49024465.0,Población y Demografía,1.856154146391642,48197685.0,47625684.8,9934531.0,25.414550456902795,"La población total se basa en la definición de facto de población, que cuenta a todos los residentes independientemente de su estatus legal o ciudadanía. Los valores mostrados son estimaciones de mitad de año.",América Latina y el Caribe (excluido altos ingresos),Ingreso mediano alto,2025-04-03
2019,Colombia,COL,"Población, total",SP.POP.TOTL,49907985.0,Población y Demografía,1.802202226990146,49021176.0,48294196.0,10818051.0,27.67477427820677,"La población total se basa en la definición de facto de población, que cuenta a todos los residentes independientemente de su estatus legal o ciudadanía. Los valores mostrados son estimaciones de mitad de año.",América Latina y el Caribe (excluido altos ingresos),Ingreso mediano alto,2025-04-03
2020,Colombia,COL,"Población, total",SP.POP.TOTL,50629997.0,Población y Demografía,1.4466863368657323,49854149.0,49026207.4,11540063.0,29.521827793313737,"La población total se basa en la definición de facto de población, que cuenta a todos los residentes independientemente de su estatus legal o ciudadanía. Los valores mostrados son estimaciones de mitad de año.",América Latina y el Caribe (excluido altos ingresos),Ingreso mediano alto,2025-04-03
2021,Colombia,COL,"Población, total",SP.POP.TOTL,51188173.0,Población y Demografía,1.102461056831583,50575385.0,49776339.6,12098239.0,30.9497555048315,"La población total se basa en la definición de facto de población, que cuenta a todos los residentes independientemente de su estatus legal o ciudadanía. Los valores mostrados son estimaciones de mitad de año.",América Latina y el Caribe (excluido altos ingresos),Ingreso mediano alto,2025-04-03
2022,Colombia,COL,"Población, total",SP.POP.TOTL,51737944.0,Población y Demografía,1.074019578702301,51185371.333333336,50497712.8,12648010.0,32.35618151721618,"La población total se basa en la definición de facto de población, que cuenta a todos los residentes independientemente de su estatus legal o ciudadanía. Los valores mostrados son estimaciones de mitad de año.",América Latina y el Caribe (excluido altos ingresos),Ingreso mediano alto,2025-04-03
2023,Colombia,COL,"Población, total",SP.POP.TOTL,52321152.0,Población y Demografía,1.1272345882163304,51749089.666666664,51157050.2,13231218.0,33.84814617492062,"La población total se basa en la definición de facto de población, que cuenta a todos los residentes independientemente de su estatus legal o ciudadanía. Los valores mostrados son estimaciones de mitad de año.",América Latina y el Caribe (excluido altos ingresos),Ingreso mediano alto,2025-04-03
2000,Colombia,COL,Población urbana (% de la población total),SP.URB.TOTL.IN.ZS,73.957,Población y Demografía,0.5807153542771504,73.52833333333332,73.09400000000001,0.0,0.0,La población urbana se refiere a las personas que viven en áreas urbanas según lo definen las oficinas nacionales de estadística. Los datos son recopilados y suavizados por la División de Población de las Naciones Unidas.,América Latina y el Caribe (excluido altos ingresos),Ingreso mediano alto,2025-04-03
2001,Colombia,COL,Población urbana (% de la población total),SP.URB.TOTL.IN.ZS,74.379,Población y Demografía,0.5706018362021226,73.95533333333333,73.5252,0.42200000000001125,0.5706018362021226,La población urbana se refiere a las personas que viven en áreas urbanas según lo definen las oficinas nacionales de estadística. Los datos son recopilados y suavizados por la División de Población de las Naciones Unidas.,América Latina y el Caribe (excluido altos ingresos),Ingreso mediano alto,2025-04-03
2002,Colombia,COL,Población urbana (% de la población total),SP.URB.TOTL.IN.ZS,74.797,Población y Demografía,0.5619865822342307,74.37766666666666,73.9522,0.8400000000000034,1.1357951241937947,La población urbana se refiere a las personas que viven en áreas urbanas según lo definen las oficinas nacionales de estadística. Los datos son recopilados y suavizados por la División de Población de las Naciones Unidas.,América Latina y el Caribe (excluido altos ingresos),Ingreso mediano alto,2025-04-03
2003,Colombia,COL,Población urbana (% de la población total),SP.URB.TOTL.IN.ZS,75.211,Población y Demografía,0.5534981349519352,74.79566666666666,74.37480000000001,1.2540000000000049,1.6955798639750164,La población urbana se refiere a las personas que viven en áreas urbanas según lo definen las oficinas nacionales de estadística. Los datos son recopilados y suavizados por la División de Población de las Naciones Unidas.,América Latina y el Caribe (excluido altos ingresos),Ingreso mediano alto,2025-04-03
2004,Colombia,COL,Población urbana (% de la población total),SP.URB.TOTL.IN.ZS,75.62,Población y Demografía,0.5438034330084829,75.20933333333333,74.79280000000001,1.663000000000011,2.248603918493197,La población urbana se refiere a las personas que viven en áreas urbanas según lo definen las oficinas nacionales de estadística. Los datos son recopilados y suavizados por la División de Población de las Naciones Unidas.,América Latina y el Caribe (excluido altos ingresos),Ingreso mediano alto,2025-04-03
2005,Colombia,COL,Población urbana (% de la población total),SP.URB.TOTL.IN.ZS,76.024,Población y Demografía,0.5342501983602199,75.61833333333334,75.20620000000001,2.0670000000000073,2.7948672877482927,La población urbana se refiere a las personas que viven en áreas urbanas según lo definen las oficinas nacionales de estadística. Los datos son recopilados y suavizados por la División de Población de las Naciones Unidas.,América Latina y el Caribe (excluido altos ingresos),Ingreso mediano alto,2025-04-03
2006,Colombia,COL,Población urbana (% de la población total),SP.URB.TOTL.IN.ZS,76.423,Población y Demografía,0.5248342628643599,76.02233333333334,75.61500000000001,2.466000000000008,3.3343699717403474,La población urbana se refiere a las personas que viven en áreas urbanas según lo definen las oficinas nacionales de estadística. Los datos son recopilados y suavizados por la División de Población de las Naciones Unidas.,América Latina y el Caribe (excluido altos ingresos),Ingreso mediano alto,2025-04-03
2007,Colombia,COL,Población urbana (% de la población total),SP.URB.TOTL.IN.ZS,76.816,Población y Demografía,0.5142430943564147,76.421,76.0188,2.859000000000009,3.8657598334167265,La población urbana se refiere a las personas que viven en áreas urbanas según lo definen las oficinas nacionales de estadística. Los datos son recopilados y suavizados por la División de Población de las Naciones Unidas.,América Latina y el Caribe (excluido altos ingresos),Ingreso mediano alto,2025-04-03
2008,Colombia,COL,Población urbana (% de la población total),SP.URB.TOTL.IN.ZS,77.204,Población y Demografía,0.5051031035200992,76.81433333333332,76.41740000000001,3.247,4.390389009830042,La población urbana se refiere a las personas que viven en áreas urbanas según lo definen las oficinas nacionales de estadística. Los datos son recopilados y suavizados por la División de Población de las Naciones Unidas.,América Latina y el Caribe (excluido altos ingresos),Ingreso mediano alto,2025-04-03
2009,Colombia,COL,Población urbana (% de la población total),SP.URB.TOTL.IN.ZS,77.587,Población y Demografía,0.49608828558107554,77.20233333333333,76.8108,3.6300000000000097,4.9082575009803175,La población urbana se refiere a las personas que viven en áreas urbanas según lo definen las oficinas nacionales de estadística. Los datos son recopilados y suavizados por la División de Población de las Naciones Unidas.,América Latina y el Caribe (excluido altos ingresos),Ingreso mediano alto,2025-04-03
2010,Colombia,COL,Población urbana (% de la población total),SP.URB.TOTL.IN.ZS,77.964,Población y Demografía,0.4859061440705137,77.585,77.19879999999999,4.007000000000005,5.418013169814895,La población urbana se refiere a las personas que viven en áreas urbanas según lo definen las oficinas nacionales de estadística. Los datos son recopilados y suavizados por la División de Población de las Naciones Unidas.,América Latina y el Caribe (excluido altos ingresos),Ingreso mediano alto,2025-04-03
2011,Colombia,COL,Población urbana (% de la población total),SP.URB.TOTL.IN.ZS,78.335,Población y Demografía,0.4758606536350074,77.96199999999999,77.5812,4.378,5.9196560163338185,La población urbana se refiere a las personas que viven en áreas urbanas según lo definen las oficinas nacionales de estadística. Los datos son recopilados y suavizados por la División de Población de las Naciones Unidas.,América Latina y el Caribe (excluido altos ingresos),Ingreso mediano alto,2025-04-03
2012,Colombia,COL,Población urbana (% de la población total),SP.URB.TOTL.IN.ZS,78.701,Población y Demografía,0.4672241016148604,78.33333333333333,77.9582,4.744,6.414538177589679,La población urbana se refiere a las personas que viven en áreas urbanas según lo definen las oficinas nacionales de estadística. Los datos son recopilados y suavizados por la División de Población de las Naciones Unidas.,América Latina y el Caribe (excluido altos ingresos),Ingreso mediano alto,2025-04-03
2013,Colombia,COL,Población urbana (% de la población total),SP.URB.TOTL.IN.ZS,79.061,Población y Demografía,0.4574274786851573,78.699,78.3296,5.104000000000013,6.9013075165298865,La población urbana se refiere a las personas que viven en áreas urbanas según lo definen las oficinas nacionales de estadística. Los datos son recopilados y suavizados por la División de Población de las Naciones Unidas.,América Latina y el Caribe (excluido altos ingresos),Ingreso mediano alto,2025-04-03
2014,Colombia,COL,Población urbana (% de la población total),SP.URB.TOTL.IN.ZS,79.415,Población y Demografía,0.4477555305397063,79.05900000000001,78.6952,5.458000000000013,7.379964033154418,La población urbana se refiere a las personas que viven en áreas urbanas según lo definen las oficinas nacionales de estadística. Los datos son recopilados y suavizados por la División de Población de las Naciones Unidas.,América Latina y el Caribe (excluido altos ingresos),Ingreso mediano alto,2025-04-03
2015,Colombia,COL,Población urbana (% de la población total),SP.URB.TOTL.IN.ZS,79.764,Población y Demografía,0.43946357740980435,79.41333333333334,79.0552,5.807000000000002,7.851859864515864,La población urbana se refiere a las personas que viven en áreas urbanas según lo definen las oficinas nacionales de estadística. Los datos son recopilados y suavizados por la División de Población de las Naciones Unidas.,América Latina y el Caribe (excluido altos ingresos),Ingreso mediano alto,2025-04-03
2016,Colombia,COL,Población urbana (% de la población total),SP.URB.TOTL.IN.ZS,80.108,Población y Demografía,0.4312722531467861,79.76233333333334,79.4098,6.1510000000000105,8.316995010614292,La población urbana se refiere a las personas que viven en áreas urbanas según lo definen las oficinas nacionales de estadística. Los datos son recopilados y suavizados por la División de Población de las Naciones Unidas.,América Latina y el Caribe (excluido altos ingresos),Ingreso mediano alto,2025-04-03
2017,Colombia,COL,Población urbana (% de la población total),SP.URB.TOTL.IN.ZS,80.446,Población y Demografía,0.4219303939681396,80.106,79.7588,6.489000000000004,8.774017334397023,La población urbana se refiere a las personas que viven en áreas urbanas según lo definen las oficinas nacionales de estadística. Los datos son recopilados y suavizados por la División de Población de las Naciones Unidas.,América Latina y el Caribe (excluido altos ingresos),Ingreso mediano alto,2025-04-03
2018,Colombia,COL,Población urbana (% de la población total),SP.URB.TOTL.IN.ZS,80.778,Población y Demografía,0.41269920194915155,80.444,80.10220000000001,6.821000000000012,9.222926835864097,La población urbana se refiere a las personas que viven en áreas urbanas según lo definen las oficinas nacionales de estadística. Los datos son recopilados y suavizados por la División de Población de las Naciones Unidas.,América Latina y el Caribe (excluido altos ingresos),Ingreso mediano alto,2025-04-03
2019,Colombia,COL,Población urbana (% de la población total),SP.URB.TOTL.IN.ZS,81.104,Población y Demografía,0.4035752308796825,80.776,80.44,7.147000000000006,9.663723515015498,La población urbana se refiere a las personas que viven en áreas urbanas según lo definen las oficinas nacionales de estadística. Los datos son recopilados y suavizados por la División de Población de las Naciones Unidas.,América Latina y el Caribe (excluido altos ingresos),Ingreso mediano alto,2025-04-03
2020,Colombia,COL,Población urbana (% de la población total),SP.URB.TOTL.IN.ZS,81.425,Población y Demografía,0.39578812389031715,81.10233333333333,80.7722,7.4680000000000035,10.097759508903836,La población urbana se refiere a las personas que viven en áreas urbanas según lo definen las oficinas nacionales de estadística. Los datos son recopilados y suavizados por la División de Población de las Naciones Unidas.,América Latina y el Caribe (excluido altos ingresos),Ingreso mediano alto,2025-04-03
2021,Colombia,COL,Población urbana (% de la población total),SP.URB.TOTL.IN.ZS,81.74,Población y Demografía,0.38685907276634346,81.423,81.0986,7.783000000000001,10.523682680476497,La población urbana se refiere a las personas que viven en áreas urbanas según lo definen las oficinas nacionales de estadística. Los datos son recopilados y suavizados por la División de Población de las Naciones Unidas.,América Latina y el Caribe (excluido altos ingresos),Ingreso mediano alto,2025-04-03
2022,Colombia,COL,Población urbana (% de la población total),SP.URB.TOTL.IN.ZS,82.05,Población y Demografía,0.3792512845607998,81.73833333333333,81.4194,8.093000000000004,10.94284516678612,La población urbana se refiere a las personas que viven en áreas urbanas según lo definen las oficinas nacionales de estadística. Los datos son recopilados y suavizados por la División de Población de las Naciones Unidas.,América Latina y el Caribe (excluido altos ingresos),Ingreso mediano alto,2025-04-03
2023,Colombia,COL,Población urbana (% de la población total),SP.URB.TOTL.IN.ZS,82.354,Población y Demografía,0.37050578915296395,82.048,81.7346,8.397000000000006,11.353894830780064,La población urbana se refiere a las personas que viven en áreas urbanas según lo definen las oficinas nacionales de estadística. Los datos son recopilados y suavizados por la División de Población de las Naciones Unidas.,América Latina y el Caribe (excluido altos ingresos),Ingreso mediano alto,2025-04-03
